Lead,LeadsZip,test
ABC1,603,
ABC2,678,
ABC3,735,
ABC4,907,
ABC5,968,
ABC6,1034,
ABC7,1084,
ABC8,1225,
ABC9,1337,
ABC10,1434,
ABC11,1521,
ABC12,1585,
ABC13,1752,
ABC14,1852,
ABC15,1944,
ABC16,2056,
ABC17,2131,
ABC18,2191,
ABC19,2382,
ABC20,2535,
ABC21,2638,
ABC22,2702,
ABC23,2771,
ABC24,2837,
ABC25,2892,
ABC26,3042,
ABC27,3104,
ABC28,3246,
ABC29,3291,
ABC30,3470,
ABC31,3741,
ABC32,3813,
ABC33,3851,
ABC34,3894,
ABC35,4030,
ABC36,4079,
ABC37,4224,
ABC38,4276,
ABC39,4360,
ABC40,4443,
ABC41,4488,
ABC42,4571,
ABC43,4635,
ABC44,4679,
ABC45,4762,
ABC46,4858,
ABC47,4939,
ABC48,4976,
ABC49,5050,
ABC50,5142,
ABC51,5345,
ABC52,5452,
ABC53,5494,
ABC54,5679,
ABC55,5765,
ABC56,5843,
ABC57,6010,
ABC58,6062,
ABC59,6108,
ABC60,6260,
ABC61,6360,
ABC62,6419,
ABC63,6479,
ABC64,6614,
ABC65,6786,
ABC66,6880,
ABC67,7023,
ABC68,7062,
ABC69,7102,
ABC70,7410,
ABC71,7470,
ABC72,7631,
ABC73,7712,
ABC74,7756,
ABC75,7851,
ABC76,7933,
ABC77,8014,
ABC78,8052,
ABC79,8085,
ABC80,8215,
ABC81,8320,
ABC82,8505,
ABC83,8610,
ABC84,8750,
ABC85,8831,
ABC86,8887,
ABC87,10027,
ABC88,10167,
ABC89,10453,
ABC90,10509,
ABC91,10550,
ABC92,10701,
ABC93,10927,
ABC94,10984,
ABC95,11105,
ABC96,11230,
ABC97,11373,
ABC98,11435,
ABC99,11568,
ABC100,11717,
ABC101,11756,
ABC102,11794,
ABC103,11955,
ABC104,12020,
ABC105,12061,
ABC106,12110,
ABC107,12156,
ABC108,12193,
ABC109,12409,
ABC110,12443,
ABC111,12480,
ABC112,12520,
ABC113,12567,
ABC114,12726,
ABC115,12768,
ABC116,12815,
ABC117,12853,
ABC118,12914,
ABC119,12953,
ABC120,12992,
ABC121,13057,
ABC122,13110,
ABC123,13153,
ABC124,13302,
ABC125,13337,
ABC126,13409,
ABC127,13468,
ABC128,13607,
ABC129,13646,
ABC130,13681,
ABC131,13755,
ABC132,13811,
ABC133,13864,
ABC134,14040,
ABC135,670,
ABC136,728,
ABC137,794,
ABC138,961,
ABC139,1030,
ABC140,1080,
ABC141,1220,
ABC142,1270,
ABC143,1420,
ABC144,1516,
ABC145,1570,
ABC146,1746,
ABC147,1844,
ABC148,1930,
ABC149,2050,
ABC150,2127,
ABC151,2186,
ABC152,2368,
ABC153,2493,
ABC154,2632,
ABC155,2671,
ABC156,2766,
ABC157,2832,
ABC158,2886,
ABC159,3034,
ABC160,3087,
ABC161,3242,
ABC162,3284,
ABC163,3464,
ABC164,3607,
ABC165,3809,
ABC166,3847,
ABC167,3885,
ABC168,4022,
ABC169,4072,
ABC170,4219,
ABC171,4270,
ABC172,4355,
ABC173,4435,
ABC174,4479,
ABC175,4563,
ABC176,4629,
ABC177,4674,
ABC178,4757,
ABC179,4853,
ABC180,4933,
ABC181,4971,
ABC182,5043,
ABC183,5089,
ABC184,5340,
ABC185,5446,
ABC186,5488,
ABC187,5675,
ABC188,5761,
ABC189,5837,
ABC190,5906,
ABC191,6058,
ABC192,6103,
ABC193,6254,
ABC194,6354,
ABC195,6415,
ABC196,6473,
ABC197,6608,
ABC198,6782,
ABC199,6856,
ABC200,7018,
ABC201,7057,
ABC202,7092,
ABC203,7401,
ABC204,7461,
ABC205,7626,
ABC206,7702,
ABC207,7750,
ABC208,7847,
ABC209,7928,
ABC210,8009,
ABC211,8048,
ABC212,8080,
ABC213,8204,
ABC214,8316,
ABC215,8403,
ABC216,8561,
ABC217,8738,
ABC218,8827,
ABC219,8880,
ABC220,10023,
ABC221,10153,
ABC222,10312,
ABC223,10504,
ABC224,10546,
ABC225,10604,
ABC226,10923,
ABC227,10977,
ABC228,11101,
ABC229,11225,
ABC230,11369,
ABC231,11430,
ABC232,11561,
ABC233,11713,
ABC234,11752,
ABC235,11790,
ABC236,11951,
ABC237,12015,
ABC238,12057,
ABC239,12094,
ABC240,12151,
ABC241,12188,
ABC242,12404,
ABC243,12439,
ABC244,12473,
ABC245,12515,
ABC246,12563,
ABC247,12722,
ABC248,12764,
ABC249,12810,
ABC250,12849,
ABC251,12910,
ABC252,12945,
ABC253,12985,
ABC254,13051,
ABC255,13102,
ABC256,13146,
ABC257,13219,
ABC258,13332,
ABC259,13404,
ABC260,13459,
ABC261,13602,
ABC262,13640,
ABC263,13677,
ABC264,13751,
ABC265,13807,
ABC266,13860,
ABC267,14035,
ABC268,650,
ABC269,714,
ABC270,773,
ABC271,936,
ABC272,1010,
ABC273,1068,
ABC274,1107,
ABC275,1255,
ABC276,1364,
ABC277,1474,
ABC278,1543,
ABC279,1718,
ABC280,1826,
ABC281,1905,
ABC282,2025,
ABC283,2115,
ABC284,2151,
ABC285,2346,
ABC286,2466,
ABC287,2563,
ABC288,2657,
ABC289,2743,
ABC290,2816,
ABC291,2872,
ABC292,2914,
ABC293,3063,
ABC294,3229,
ABC295,3268,
ABC296,3449,
ABC297,3592,
ABC298,3773,
ABC299,3836,
ABC300,3870,
ABC301,4006,
ABC302,4056,
ABC303,4103,
ABC304,4256,
ABC305,4345,
ABC306,4421,
ABC307,4464,
ABC308,4544,
ABC309,4616,
ABC310,4658,
ABC311,4739,
ABC312,4785,
ABC313,4922,
ABC314,4958,
ABC315,5033,
ABC316,5071,
ABC317,5251,
ABC318,5404,
ABC319,5474,
ABC320,5658,
ABC321,5743,
ABC322,5824,
ABC323,5871,
ABC324,6035,
ABC325,6085,
ABC326,6237,
ABC327,6332,
ABC328,6389,
ABC329,6456,
ABC330,6516,
ABC331,6757,
ABC332,6824,
ABC333,7006,
ABC334,7042,
ABC335,7078,
ABC336,7205,
ABC337,7440,
ABC338,7601,
ABC339,7660,
ABC340,7733,
ABC341,7830,
ABC342,7881,
ABC343,7980,
ABC344,8035,
ABC345,8069,
ABC346,8104,
ABC347,8247,
ABC348,8346,
ABC349,8540,
ABC350,8722,
ABC351,8812,
ABC352,8859,
ABC353,10012,
ABC354,10069,
ABC355,10302,
ABC356,10469,
ABC357,10530,
ABC358,10589,
ABC359,10913,
ABC360,10963,
ABC361,11010,
ABC362,11215,
ABC363,11359,
ABC364,11420,
ABC365,11549,
ABC366,11694,
ABC367,11738,
ABC368,11778,
ABC369,11939,
ABC370,11973,
ABC371,12042,
ABC372,12078,
ABC373,12137,
ABC374,12175,
ABC375,12222,
ABC376,12428,
ABC377,12461,
ABC378,12498,
ABC379,12542,
ABC380,12590,
ABC381,12749,
ABC382,12788,
ABC383,12837,
ABC384,12873,
ABC385,12933,
ABC386,12973,
ABC387,13034,
ABC388,13080,
ABC389,13134,
ABC390,13205,
ABC391,13321,
ABC392,13360,
ABC393,13436,
ABC394,13489,
ABC395,13626,
ABC396,13666,
ABC397,13733,
ABC398,13790,
ABC399,13842,
ABC400,14020,
ABC401,14063,
